Record,Date/Time,10,Tamb(K),Rh(%),Pres(mb),Tir(K),Rain,Vint(cm),Lqint(mm),Cldb,0,0.1,0.2,0.3,0.4,0.5,0.6,0.7,0.8,0.9,1,1.25,1.5,1.75,2,2.25,2.5,2.75,3,3.25,3.5,3.75,4,4.25,4.5,4.75,5,5.25,5.5,5.75,6,6.25,6.5,6.75,7,7.25,7.5,7.75,8,8.25,8.5,8.75,9,9.25,9.5,9.75,10,DataQuality,,,,,,,,,
Record,Date/Time,30,GPS Date/Time,Latitude,Longitude,Magnetic Variation,Status,Quality,Number Satellites,Altitude(m),DataQuality,,,,,,,,,,,,,,,,,,,,,,,,,,,,,,,,,,,,,,,,,,,,,,,,,,,,,,,,
Record,Date/Time,80,ID,SNR,Az(deg),El(deg),Tamb(K),Rh(%),Pres(mb),Tir(K),Rain,Vint(cm),ZVint(cm),VDly(cm),ZVDly(cm),Lqint(mm),ZLqint(mm),LqDly(cm),ZLqDly(cm),0,0.1,0.2,0.3,0.4,0.5,0.6,0.7,0.8,0.9,1,1.25,1.5,1.75,2,2.25,2.5,2.75,3,3.25,3.5,3.75,4,4.25,4.5,4.75,5,5.25,5.5,5.75,6,6.25,6.5,6.75,7,7.25,7.5,7.75,8,8.25,8.5,8.75,9,9.25,9.5,9.75,10,DataQuality
Record,Date/Time,100,Record Type,Title,,,,,,,,,,,,,,,,,,,,,,,,,,,,,,,,,,,,,,,,,,,,,,,,,,,,,,,,,,,,,,,
Record,Date/Time,200,Tamb(K),Rh(%),Pres(mb),Tir(K),Rain,DataQuality,,,,,,,,,,,,,,,,,,,,,,,,,,,,,,,,,,,,,,,,,,,,,,,,,,,,,,,,,,,
Record,Date/Time,300,Int. Vapor(cm),Int. Liquid(mm),Cloud Base(km),DataQuality,,,,,,,,,,,,,,,,,,,,,,,,,,,,,,,,,,,,,,,,,,,,,,,,,,,,,,,,,,,,,
Record,Date/Time,400,LV2 Processor,0,0.05,0.1,0.15,0.2,0.25,0.3,0.35,0.4,0.45,0.5,0.6,0.7,0.8,0.9,1,1.1,1.2,1.3,1.4,1.5,1.6,1.7,1.8,1.9,2,2.25,2.5,2.75,3,3.25,3.5,3.75,4,4.25,4.5,4.75,5,5.25,5.5,5.75,6,6.25,6.5,6.75,7,7.25,7.5,7.75,8,8.25,8.5,8.75,9,9.25,9.5,9.75,10,DataQuality,,,,,
1,05/11/2018 11:27:14,101,401,Temperature (K),,,,,,,,,,,,,,,,,,,,,,,,,,,,,,,,,,,,,,,,,,,,,,,,,,,,,,,,,,,,,,,
2,05/11/2018 11:27:14,101,402,Vapor Density (g/m^3),,,,,,,,,,,,,,,,,,,,,,,,,,,,,,,,,,,,,,,,,,,,,,,,,,,,,,,,,,,,,,,
3,05/11/2018 11:27:14,101,403,Liquid (g/m^3),,,,,,,,,,,,,,,,,,,,,,,,,,,,,,,,,,,,,,,,,,,,,,,,,,,,,,,,,,,,,,,
4,05/11/2018 11:27:14,101,404,Relative Humidity (%),,,,,,,,,,,,,,,,,,,,,,,,,,,,,,,,,,,,,,,,,,,,,,,,,,,,,,,,,,,,,,,
5,2005/11/18 11:27,31,05/11/2018 03:27:15,3847.7149,12118.3237,7.5,Good Fix,2,8,66.5,1,,,,,,,,,,,,,,,,,,,,,,,,,,,,,,,,,,,,,,,,,,,,,,,,,,,,,,,,
6,2005/11/18 11:27,99,Running procedure file: dal_zen_ret_tip.prc,,,,,,,,,,,,,,,,,,,,,,,,,,,,,,,,,,,,,,,,,,,,,,,,,,,,,,,,,,,,,,,,
7,2005/11/18 11:27,99,Procedure file contents: relative                                                                        ,,,,,,,,,,,,,,,,,,,,,,,,,,,,,,,,,,,,,,,,,,,,,,,,,,,,,,,,,,,,,,,,
8,2005/11/18 11:27,99,Procedure file contents: 0:00:00 eng                                                                     ,,,,,,,,,,,,,,,,,,,,,,,,,,,,,,,,,,,,,,,,,,,,,,,,,,,,,,,,,,,,,,,,
9,2005/11/18 11:27,99,Procedure file contents: 0:00:00 tdp                                                                     ,,,,,,,,,,,,,,,,,,,,,,,,,,,,,,,,,,,,,,,,,,,,,,,,,,,,,,,,,,,,,,,,
10,2005/11/18 11:27,99,Procedure file contents: 0:00:00 mac dal_zen26.rmc                                                       ,,,,,,,,,,,,,,,,,,,,,,,,,,,,,,,,,,,,,,,,,,,,,,,,,,,,,,,,,,,,,,,,
11,2005/11/18 11:27,99,Procedure file contents: 0:00:00 mac tip21.rmc                                                           ,,,,,,,,,,,,,,,,,,,,,,,,,,,,,,,,,,,,,,,,,,,,,,,,,,,,,,,,,,,,,,,,
12,2005/11/18 11:27,99,Procedure file contents: repeat 100000                                                                   ,,,,,,,,,,,,,,,,,,,,,,,,,,,,,,,,,,,,,,,,,,,,,,,,,,,,,,,,,,,,,,,,
13,2005/11/18 11:27,31,05/11/2018 03:27:20,3847.7149,12118.3237,7.5,Good Fix,2,8,66.5,1,,,,,,,,,,,,,,,,,,,,,,,,,,,,,,,,,,,,,,,,,,,,,,,,,,,,,,,,
14,2005/11/18 11:27,201,286.31,82.61,1008.3,269.48,0,1,,,,,,,,,,,,,,,,,,,,,,,,,,,,,,,,,,,,,,,,,,,,,,,,,,,,,,,,,,,
15,2005/11/18 11:27,401,Zenith26,286.191,283.595,283.236,283.607,283.811,284.384,284.536,284.717,284.962,285.288,285.585,286.064,286.118,285.791,285.349,285.198,284.919,284.693,284.617,284.223,283.361,282.657,281.572,280.446,279.331,278.04,274.644,271.695,268.393,265.634,262.525,259.986,257.657,255.279,253.657,251.775,249.531,247.672,245.949,244.276,242.324,240.383,238.247,236.468,234.41,232.412,230.801,229.555,228.077,226.76,225.082,223.527,221.966,220.492,219.72,218.838,217.94,216.919,1,,,,,
16,2005/11/18 11:27,402,Zenith26,9.032,8.494,8.263,7.833,7.474,6.915,6.628,6.373,6.12,5.861,5.506,4.608,4.083,3.81,3.612,3.191,2.841,2.592,2.421,2.144,1.925,1.707,1.56,1.442,1.441,1.482,1.403,1.65,2.595,3.193,4.743,5.886,5.504,6.068,7.656,9.209,8.561,8.274,7.216,7.109,7.231,6.755,5.129,4.099,4.16,3.564,2.614,2.674,1.952,1.421,0.828,0.545,0.217,0.148,0.087,0.06,0.032,0.03,1,,,,,
17,2005/11/18 11:27,403,Zenith26,0.005,0.006,0.007,0.009,0.011,0.011,0.012,0.014,0.013,0.013,0.014,0.015,0.018,0.018,0.022,0.019,0.017,0.016,0.015,0.015,0.016,0.018,0.018,0.022,0.018,0.015,0.012,0.01,0.01,0.008,0.01,0.01,0.007,0.005,0.005,0.004,0.003,0.002,0.003,0.003,0.004,0.002,0.001,0.001,0.001,0.001,0.001,0.001,0.002,0.003,0.003,0.004,0.003,0.002,0.001,0.001,0.001,0.001,1,,,,,
18,2005/11/18 11:27,404,Zenith26,82.822,87.392,89.621,81.801,77.598,70.871,68.319,62.973,60.189,56.835,53.408,47.759,43.816,40.657,38.252,36.14,34.901,31.186,29.468,28.818,29.283,30.435,30.704,31.513,32.044,34.452,44.277,58.411,81.669,100,100,100,100,100,100,100,100,100,100,100,100,100,100,100,100,100,97.807,84.554,74.157,59.469,55.334,48.401,49.818,45.832,43.663,38.258,37.167,36.164,1,,,,,
19,2005/11/18 11:27,301,2.027,0.524,2.5,1,,,,,,,,,,,,,,,,,,,,,,,,,,,,,,,,,,,,,,,,,,,,,,,,,,,,,,,,,,,,,
20,2005/11/18 11:29,31,05/11/2018 03:29:04,3847.7148,12118.3236,7.5,Good Fix,2,8,66.5,1,,,,,,,,,,,,,,,,,,,,,,,,,,,,,,,,,,,,,,,,,,,,,,,,,,,,,,,,
21,2005/11/18 11:29,201,286.26,81.79,1008.2,269.22,0,1,,,,,,,,,,,,,,,,,,,,,,,,,,,,,,,,,,,,,,,,,,,,,,,,,,,,,,,,,,,
22,2005/11/18 11:29,401,Zenith26,286.161,284.84,284.38,284.407,284.454,284.614,284.483,284.542,284.56,284.785,284.984,285.288,285.321,285.111,284.778,284.572,284.244,283.932,283.727,283.356,282.768,282.29,281.536,280.935,280.231,279.244,276.801,274.495,272.498,270.865,268.852,267.068,265.529,263.886,262.6,261.165,259.548,257.946,256.501,254.889,253.348,251.8,249.961,248.411,246.804,244.969,243.329,241.787,239.952,238.186,236.347,234.655,232.901,231.087,229.536,227.889,226.345,224.467,1,,,,,
23,2005/11/18 11:29,402,Zenith26,9.144,8.73,8.433,7.974,7.616,7.025,6.794,6.602,6.371,6.091,5.803,5.104,4.557,4.225,4.006,3.564,3.257,2.961,2.724,2.442,2.241,1.981,1.791,1.594,1.53,1.473,1.234,1.35,1.839,2.262,2.922,3.36,3.285,3.834,4.597,5.415,5.018,4.93,4.646,5.042,5.406,4.956,4.205,3.532,3.498,3.325,2.526,2.379,1.751,1.185,0.732,0.457,0.224,0.146,0.081,0.047,0.032,0.033,1,,,,,
24,2005/11/18 11:29,403,Zenith26,0.003,0.004,0.005,0.005,0.006,0.005,0.006,0.006,0.006,0.005,0.006,0.006,0.007,0.007,0.008,0.008,0.007,0.007,0.006,0.006,0.007,0.009,0.009,0.012,0.011,0.009,0.008,0.006,0.007,0.006,0.007,0.007,0.005,0.004,0.003,0.003,0.002,0.001,0.002,0.002,0.003,0.002,0.001,0.001,0,0.001,0.001,0.001,0.002,0.003,0.003,0.004,0.003,0.002,0.001,0.001,0.001,0.001,1,,,,,
25,2005/11/18 11:29,404,Zenith26,83.119,87.102,87.11,83.752,78.775,73.508,70.426,67.814,64.687,61.354,58.245,51.954,47.759,44.815,42.074,38.409,35.862,32.606,30.628,29.057,28.843,28.899,28.515,28.296,28.209,28.963,29.875,34.567,42.381,48.298,57.341,72.876,89.258,100,100,100,100,100,100,100,100,100,100,100,100,100,100,100,96.31,83.153,74.909,65.136,64.706,59.399,53.208,50.18,53.083,49.197,1,,,,,
26,2005/11/18 11:29,301,1.898,0.234,3,1,,,,,,,,,,,,,,,,,,,,,,,,,,,,,,,,,,,,,,,,,,,,,,,,,,,,,,,,,,,,,
27,2005/11/18 11:30,31,05/11/2018 03:30:48,3847.7148,12118.3236,7.5,Good Fix,2,8,66.5,1,,,,,,,,,,,,,,,,,,,,,,,,,,,,,,,,,,,,,,,,,,,,,,,,,,,,,,,,
28,2005/11/18 11:31,201,286.44,82,1008.1,269.35,0,1,,,,,,,,,,,,,,,,,,,,,,,,,,,,,,,,,,,,,,,,,,,,,,,,,,,,,,,,,,,
29,2005/11/18 11:31,401,Zenith26,286.336,285.115,284.494,284.361,284.265,284.239,283.98,283.916,283.832,283.964,284.053,284.203,284.12,283.867,283.477,283.255,282.895,282.609,282.391,282.013,281.421,280.952,280.29,279.781,279.147,278.229,275.989,273.936,272.211,270.82,268.999,267.318,265.912,264.385,263.155,261.819,260.366,258.87,257.501,255.946,254.523,253.075,251.326,249.837,248.291,246.483,244.88,243.352,241.549,239.757,237.981,236.324,234.603,232.789,231.194,229.478,227.895,225.963,1,,,,,
30,2005/11/18 11:31,402,Zenith26,9.305,8.781,8.379,7.919,7.58,7.009,6.799,6.614,6.395,6.131,5.875,5.237,4.697,4.363,4.162,3.701,3.403,3.094,2.856,2.591,2.428,2.196,2.019,1.822,1.757,1.693,1.403,1.487,1.934,2.297,2.895,3.266,3.248,3.801,4.457,5.305,4.989,4.989,4.706,5.162,5.458,5.012,4.32,3.667,3.565,3.283,2.504,2.28,1.794,1.192,0.76,0.475,0.252,0.164,0.092,0.055,0.036,0.039,1,,,,,
31,2005/11/18 11:31,403,Zenith26,0.003,0.004,0.005,0.005,0.005,0.005,0.005,0.006,0.005,0.005,0.005,0.006,0.007,0.006,0.008,0.008,0.007,0.006,0.005,0.006,0.007,0.009,0.009,0.012,0.011,0.009,0.009,0.007,0.007,0.006,0.008,0.008,0.006,0.004,0.004,0.004,0.002,0.002,0.003,0.003,0.003,0.002,0.001,0.001,0,0.001,0.001,0.001,0.002,0.003,0.003,0.004,0.003,0.002,0.001,0.001,0.001,0.001,1,,,,,
32,2005/11/18 11:31,404,Zenith26,83.347,86.652,86.474,84.089,80.051,75.853,73.579,71.631,69.225,66.172,63.899,58.568,54.908,52.368,49.338,45.21,42.311,38.676,36.294,34.771,34.658,34.868,34.45,34.424,34.416,34.83,35.425,40.678,49.087,54.428,63.301,76.779,91.111,100,100,100,100,100,100,100,100,100,100,100,100,100,100,100,95.767,84.448,75.191,65.508,64.809,59.429,53.538,50.21,52.693,48.864,1,,,,,
33,2005/11/18 11:31,301,1.979,0.224,3,1,,,,,,,,,,,,,,,,,,,,,,,,,,,,,,,,,,,,,,,,,,,,,,,,,,,,,,,,,,,,,
34,2005/11/18 11:32,31,05/11/2018 03:32:31,3847.7148,12118.3235,7.5,Good Fix,2,8,66.4,1,,,,,,,,,,,,,,,,,,,,,,,,,,,,,,,,,,,,,,,,,,,,,,,,,,,,,,,,
35,2005/11/18 11:33,201,286.23,82.65,1008.1,269.16,0,1,,,,,,,,,,,,,,,,,,,,,,,,,,,,,,,,,,,,,,,,,,,,,,,,,,,,,,,,,,,
36,2005/11/18 11:33,401,Zenith26,286.102,284.636,284.026,283.968,283.968,284.092,283.925,283.987,284.01,284.269,284.503,284.86,284.973,284.866,284.565,284.403,284.126,283.85,283.636,283.244,282.646,282.192,281.471,280.89,280.185,279.177,276.753,274.481,272.587,271.033,269.09,267.319,265.778,264.203,262.971,261.646,260.209,258.682,257.306,255.712,254.283,252.797,251.01,249.464,247.873,245.99,244.373,242.844,241.01,239.199,237.381,235.684,233.965,232.129,230.557,228.839,227.269,225.376,1,,,,,
37,2005/11/18 11:33,402,Zenith26,9.272,8.764,8.408,7.965,7.667,7.105,6.888,6.7,6.476,6.211,5.962,5.328,4.779,4.434,4.246,3.829,3.554,3.261,3.022,2.761,2.612,2.397,2.217,2.016,1.949,1.885,1.575,1.636,2.034,2.376,2.904,3.179,3.165,3.56,3.966,4.547,4.199,4.098,3.785,4.02,4.135,3.723,3.227,2.739,2.615,2.391,1.845,1.668,1.338,0.887,0.599,0.384,0.22,0.146,0.087,0.052,0.036,0.04,1,,,,,
38,2005/11/18 11:33,403,Zenith26,0.003,0.003,0.004,0.004,0.005,0.004,0.004,0.005,0.005,0.004,0.004,0.005,0.005,0.005,0.007,0.007,0.005,0.005,0.004,0.005,0.006,0.008,0.008,0.01,0.009,0.008,0.008,0.006,0.007,0.006,0.008,0.008,0.006,0.004,0.004,0.004,0.002,0.002,0.003,0.003,0.003,0.002,0.001,0.001,0,0.001,0.001,0.001,0.002,0.003,0.003,0.004,0.003,0.002,0.001,0.001,0,0.001,1,,,,,
39,2005/11/18 11:33,404,Zenith26,83.979,88.998,89.941,87.607,83.521,79.133,76.327,74.169,71.297,67.749,64.674,58.29,54.157,51.054,48.055,44.27,41.629,38.192,36.009,34.522,34.527,34.874,34.614,34.717,35.15,36.134,36.669,41.871,49.948,55.677,63.754,76.496,89.948,100,100,100,100,100,100,100,100,100,100,100,100,100,100,92.478,83.386,73.608,66.657,58.007,57.889,52.911,47.475,45.435,47.516,44.444,1,,,,,
40,2005/11/18 11:33,301,1.982,0.17,3,1,,,,,,,,,,,,,,,,,,,,,,,,,,,,,,,,,,,,,,,,,,,,,,,,,,,,,,,,,,,,,
41,2005/11/18 11:34,31,05/11/2018 03:34:15,3847.7149,12118.3235,7.5,Good Fix,2,8,66.3,1,,,,,,,,,,,,,,,,,,,,,,,,,,,,,,,,,,,,,,,,,,,,,,,,,,,,,,,,
42,2005/11/18 11:34,201,285.94,84.53,1008,269.38,0,1,,,,,,,,,,,,,,,,,,,,,,,,,,,,,,,,,,,,,,,,,,,,,,,,,,,,,,,,,,,
43,2005/11/18 11:34,401,Zenith26,285.814,284.17,283.5,283.4,283.388,283.498,283.327,283.372,283.407,283.665,283.898,284.28,284.414,284.308,284.022,283.9,283.649,283.409,283.22,282.836,282.245,281.785,281.07,280.489,279.761,278.764,276.349,274.104,272.211,270.671,268.72,266.962,265.444,263.85,262.604,261.25,259.783,258.25,256.871,255.279,253.823,252.356,250.598,249.096,247.529,245.678,244.06,242.544,240.759,238.974,237.174,235.48,233.757,231.936,230.393,228.712,227.175,225.29,1,,,,,
44,2005/11/18 11:34,402,Zenith26,9.305,8.774,8.414,7.993,7.694,7.149,6.935,6.743,6.516,6.241,5.981,5.314,4.764,4.414,4.217,3.762,3.468,3.161,2.926,2.663,2.515,2.296,2.128,1.93,1.863,1.796,1.49,1.518,1.907,2.218,2.734,3.041,2.988,3.4,3.895,4.577,4.265,4.22,4,4.36,4.546,4.143,3.552,3.02,2.957,2.704,2.062,1.881,1.51,1.002,0.655,0.414,0.227,0.149,0.087,0.052,0.035,0.037,1,,,,,
45,2005/11/18 11:34,403,Zenith26,0.003,0.004,0.005,0.005,0.006,0.005,0.006,0.006,0.006,0.005,0.006,0.006,0.007,0.007,0.008,0.008,0.007,0.006,0.005,0.006,0.007,0.009,0.009,0.011,0.01,0.009,0.008,0.007,0.007,0.006,0.008,0.008,0.006,0.004,0.004,0.004,0.002,0.002,0.003,0.002,0.003,0.002,0.001,0.001,0,0.001,0.001,0.001,0.002,0.003,0.003,0.004,0.003,0.002,0.001,0.001,0.001,0.001,1,,,,,
46,2005/11/18 11:34,404,Zenith26,85.536,90.566,91.583,88.935,85.047,80.602,78.123,75.547,72.732,69.201,66.091,59.466,54.982,51.972,48.598,44.588,41.69,38.005,35.705,34.081,33.912,34.165,33.793,33.857,34.172,34.852,35.323,40.11,47.144,52.565,60.544,72.613,86.124,100,100,100,100,100,100,100,100,100,100,100,100,100,100,99.707,90.276,79.746,72.295,63.477,63.187,58.124,52.508,49.589,52.011,47.895,1,,,,,
47,2005/11/18 11:34,301,1.936,0.215,3,1,,,,,,,,,,,,,,,,,,,,,,,,,,,,,,,,,,,,,,,,,,,,,,,,,,,,,,,,,,,,,
48,2005/11/18 11:35,31,05/11/2018 03:35:58,3847.7149,12118.3234,7.5,Good Fix,2,8,66.3,1,,,,,,,,,,,,,,,,,,,,,,,,,,,,,,,,,,,,,,,,,,,,,,,,,,,,,,,,
49,2005/11/18 11:36,201,285.95,82.37,1008,269.78,0,1,,,,,,,,,,,,,,,,,,,,,,,,,,,,,,,,,,,,,,,,,,,,,,,,,,,,,,,,,,,
50,2005/11/18 11:36,401,Zenith26,285.847,284.321,283.745,283.706,283.699,283.847,283.696,283.763,283.803,284.075,284.309,284.675,284.8,284.664,284.359,284.235,283.965,283.709,283.526,283.147,282.538,282.078,281.332,280.712,279.977,278.93,276.435,274.08,272.058,270.363,268.284,266.449,264.839,263.16,261.856,260.452,258.912,257.342,255.909,254.294,252.807,251.274,249.444,247.879,246.248,244.362,242.718,241.193,239.39,237.631,235.814,234.127,232.415,230.621,229.133,227.497,226.012,224.195,1,,,,,
51,2005/11/18 11:36,402,Zenith26,9.089,8.677,8.368,7.984,7.701,7.199,6.993,6.813,6.599,6.339,6.086,5.443,4.915,4.585,4.4,3.979,3.697,3.407,3.18,2.895,2.745,2.537,2.375,2.174,2.12,2.059,1.735,1.776,2.209,2.566,3.116,3.382,3.31,3.687,4.13,4.721,4.361,4.214,3.845,4.01,4.1,3.756,3.199,2.727,2.594,2.335,1.797,1.64,1.324,0.892,0.602,0.387,0.221,0.151,0.088,0.056,0.037,0.04,1,,,,,
52,2005/11/18 11:36,403,Zenith26,0.003,0.004,0.005,0.005,0.005,0.005,0.005,0.006,0.006,0.005,0.006,0.006,0.007,0.006,0.008,0.008,0.007,0.007,0.006,0.006,0.007,0.009,0.009,0.012,0.011,0.009,0.009,0.007,0.008,0.006,0.008,0.008,0.006,0.005,0.004,0.004,0.002,0.002,0.003,0.003,0.003,0.002,0.001,0.001,0.001,0.001,0.001,0.001,0.002,0.003,0.003,0.004,0.003,0.002,0.001,0.001,0.001,0.001,1,,,,,
53,2005/11/18 11:36,404,Zenith26,83.921,89.187,90.104,87.206,83.849,79.738,76.983,74.515,71.65,68.479,65.579,59.459,55.488,52.459,49.467,45.858,43.33,39.882,37.563,36.23,36.434,36.97,36.946,37.556,38.139,39.209,40.76,48.132,57.718,65.044,75.479,88.604,100,100,100,100,100,100,100,100,100,100,100,100,100,100,99.886,91.187,83.119,73.486,67.16,58.434,58.322,53.321,48.504,45.252,47.113,43.808,1,,,,,
54,2005/11/18 11:36,301,2.053,0.225,3,1,,,,,,,,,,,,,,,,,,,,,,,,,,,,,,,,,,,,,,,,,,,,,,,,,,,,,,,,,,,,,
55,2005/11/18 11:37,31,05/11/2018 03:37:42,3847.715,12118.3233,7.5,Good Fix,2,8,66.2,1,,,,,,,,,,,,,,,,,,,,,,,,,,,,,,,,,,,,,,,,,,,,,,,,,,,,,,,,
56,2005/11/18 11:38,201,285.84,84.37,1008,269.84,0,1,,,,,,,,,,,,,,,,,,,,,,,,,,,,,,,,,,,,,,,,,,,,,,,,,,,,,,,,,,,
57,2005/11/18 11:38,401,Zenith26,285.726,284.345,283.661,283.499,283.43,283.45,283.222,283.21,283.158,283.356,283.535,283.807,283.86,283.709,283.434,283.284,283.017,282.772,282.621,282.286,281.714,281.273,280.624,280.108,279.445,278.53,276.286,274.228,272.549,271.167,269.415,267.828,266.439,264.883,263.633,262.322,260.922,259.449,258.068,256.5,255.093,253.648,251.963,250.495,248.932,247.087,245.465,243.919,242.104,240.302,238.487,236.771,235.016,233.146,231.524,229.794,228.187,226.252,1,,,,,
58,2005/11/18 11:38,402,Zenith26,9.243,8.679,8.287,7.848,7.546,7.008,6.805,6.623,6.408,6.157,5.913,5.29,4.769,4.437,4.251,3.829,3.55,3.253,3.011,2.737,2.588,2.371,2.2,2.019,1.953,1.899,1.615,1.7,2.123,2.445,2.944,3.208,3.204,3.621,4.015,4.565,4.243,4.159,3.83,4.116,4.269,3.82,3.272,2.779,2.659,2.43,1.874,1.683,1.365,0.913,0.615,0.386,0.221,0.148,0.088,0.053,0.036,0.041,1,,,,,
59,2005/11/18 11:38,403,Zenith26,0.003,0.004,0.005,0.005,0.006,0.005,0.006,0.006,0.006,0.005,0.005,0.006,0.006,0.006,0.008,0.007,0.006,0.006,0.005,0.005,0.007,0.008,0.008,0.011,0.01,0.008,0.008,0.006,0.007,0.006,0.007,0.008,0.006,0.004,0.004,0.004,0.002,0.002,0.002,0.002,0.003,0.002,0.001,0.001,0,0.001,0.001,0.001,0.002,0.003,0.003,0.004,0.003,0.002,0.001,0.001,0,0.001,1,,,,,
60,2005/11/18 11:38,404,Zenith26,86.13,90.282,90.765,88.491,84.439,80.424,78.512,76.187,73.628,70.509,67.814,62.028,58.113,55.325,52.14,48.087,44.948,41.068,38.431,36.854,36.639,36.847,36.578,36.756,36.805,37.69,38.563,43.965,51.252,56.222,63.563,74.685,87.084,100,100,100,100,100,100,100,100,100,100,100,100,100,100,93.797,85.948,76.685,69.198,60.438,60.375,55.725,50.19,47.116,49.587,45.679,1,,,,,
61,2005/11/18 11:38,301,2.006,0.166,3,1,,,,,,,,,,,,,,,,,,,,,,,,,,,,,,,,,,,,,,,,,,,,,,,,,,,,,,,,,,,,,
62,2005/11/18 11:39,31,05/11/2018 03:39:26,3847.715,12118.3232,7.5,Good Fix,2,9,66.3,1,,,,,,,,,,,,,,,,,,,,,,,,,,,,,,,,,,,,,,,,,,,,,,,,,,,,,,,,
63,2005/11/18 11:39,201,285.65,84.81,1008,269.7,0,1,,,,,,,,,,,,,,,,,,,,,,,,,,,,,,,,,,,,,,,,,,,,,,,,,,,,,,,,,,,
64,2005/11/18 11:39,401,Zenith26,285.579,284.494,284.081,284.104,284.142,284.28,284.139,284.179,284.164,284.376,284.55,284.788,284.772,284.561,284.191,283.994,283.65,283.348,283.149,282.774,282.183,281.717,280.989,280.393,279.704,278.719,276.371,274.17,272.267,270.728,268.828,267.121,265.635,264.061,262.806,261.441,259.949,258.446,257.034,255.446,253.996,252.536,250.751,249.195,247.573,245.7,244.046,242.502,240.701,238.945,237.121,235.421,233.685,231.882,230.318,228.646,227.084,225.184,1,,,,,
65,2005/11/18 11:39,402,Zenith26,9.144,8.756,8.45,8.024,7.705,7.179,6.957,6.767,6.545,6.279,6.016,5.37,4.837,4.515,4.327,3.91,3.626,3.333,3.093,2.804,2.628,2.392,2.216,2.015,1.954,1.903,1.623,1.73,2.205,2.574,3.142,3.443,3.385,3.771,4.226,4.791,4.37,4.236,3.862,4.017,4.135,3.751,3.16,2.659,2.552,2.346,1.804,1.67,1.3,0.89,0.592,0.378,0.209,0.143,0.085,0.052,0.035,0.038,1,,,,,
66,2005/11/18 11:39,403,Zenith26,0.003,0.004,0.005,0.005,0.006,0.005,0.005,0.006,0.005,0.005,0.005,0.005,0.006,0.006,0.008,0.008,0.006,0.006,0.005,0.006,0.007,0.008,0.009,0.011,0.01,0.009,0.008,0.007,0.007,0.006,0.008,0.008,0.006,0.004,0.004,0.004,0.002,0.002,0.003,0.003,0.003,0.002,0.001,0.001,0,0.001,0.001,0.001,0.002,0.003,0.003,0.004,0.003,0.002,0.001,0.001,0.001,0.001,1,,,,,
67,2005/11/18 11:39,404,Zenith26,85.838,89.14,88.947,85.863,81.458,76.84,74.109,71.768,69.061,65.957,63.166,57.755,54.178,51.672,48.807,45.44,43.071,39.771,37.588,36.19,36.218,36.588,36.459,36.677,36.917,37.946,39.986,46.285,55.761,62.085,71.035,84.409,98.103,100,100,100,100,100,100,100,100,100,100,100,100,100,94.427,87.434,79.828,70.5,64.003,56.038,56.168,50.841,45.981,43.126,44.872,42.545,1,,,,,
68,2005/11/18 11:39,301,2.029,0.215,3,1,,,,,,,,,,,,,,,,,,,,,,,,,,,,,,,,,,,,,,,,,,,,,,,,,,,,,,,,,,,,,
69,2005/11/18 11:41,31,05/11/2018 03:41:10,3847.7151,12118.322,7.5,Good Fix,2,8,65.9,1,,,,,,,,,,,,,,,,,,,,,,,,,,,,,,,,,,,,,,,,,,,,,,,,,,,,,,,,
70,2005/11/18 11:41,201,285.63,84,1008.1,271.86,0,1,,,,,,,,,,,,,,,,,,,,,,,,,,,,,,,,,,,,,,,,,,,,,,,,,,,,,,,,,,,
71,2005/11/18 11:41,401,Zenith26,285.555,284.348,283.857,283.785,283.759,283.831,283.652,283.667,283.641,283.861,284.025,284.296,284.344,284.164,283.851,283.75,283.487,283.275,283.139,282.827,282.271,281.862,281.221,280.663,280.019,279.079,276.863,274.764,272.98,271.516,269.631,267.945,266.467,264.832,263.537,262.166,260.698,259.183,257.755,256.172,254.747,253.282,251.51,249.96,248.364,246.503,244.828,243.268,241.432,239.625,237.757,236.011,234.233,232.361,230.743,229.001,227.38,225.414,1,,,,,
72,2005/11/18 11:41,402,Zenith26,9.085,8.744,8.439,8.069,7.798,7.337,7.14,6.964,6.755,6.493,6.245,5.604,5.076,4.752,4.571,4.14,3.865,3.566,3.322,3.037,2.884,2.661,2.506,2.31,2.263,2.198,1.855,1.927,2.349,2.704,3.216,3.475,3.415,3.84,4.357,4.944,4.552,4.393,4.03,4.156,4.259,3.969,3.328,2.846,2.689,2.371,1.832,1.673,1.355,0.94,0.635,0.41,0.232,0.163,0.094,0.062,0.039,0.043,1,,,,,
73,2005/11/18 11:41,403,Zenith26,0.004,0.006,0.007,0.007,0.008,0.008,0.008,0.008,0.008,0.007,0.008,0.008,0.009,0.009,0.01,0.01,0.008,0.008,0.007,0.007,0.009,0.01,0.011,0.014,0.012,0.011,0.01,0.008,0.009,0.007,0.009,0.009,0.007,0.005,0.005,0.005,0.003,0.002,0.003,0.003,0.003,0.002,0.001,0.001,0.001,0.001,0.001,0.001,0.002,0.003,0.003,0.004,0.003,0.002,0.001,0.001,0.001,0.001,1,,,,,
74,2005/11/18 11:41,404,Zenith26,85.051,89.1,89.535,86.594,83.565,80.039,77.478,75.43,72.828,69.874,67.196,61.814,58.388,55.488,52.526,48.784,46.134,42.579,40.068,38.642,38.828,39.087,39.045,39.647,40.163,41.068,42.651,50.172,58.696,65.489,74.872,86.436,99.162,100,100,100,100,100,100,100,100,100,100,100,100,100,96.611,89.55,84.015,75.508,69.43,61.18,60.636,55.694,51.325,47.645,49.12,46.246,1,,,,,
75,2005/11/18 11:41,301,2.152,0.264,2.75,1,,,,,,,,,,,,,,,,,,,,,,,,,,,,,,,,,,,,,,,,,,,,,,,,,,,,,,,,,,,,,
76,2005/11/18 11:42,31,05/11/2018 03:42:54,3847.7151,12118.322,7.5,Good Fix,2,9,66.2,1,,,,,,,,,,,,,,,,,,,,,,,,,,,,,,,,,,,,,,,,,,,,,,,,,,,,,,,,
77,2005/11/18 11:43,201,285.36,85.45,1007.9,269.7,0,1,,,,,,,,,,,,,,,,,,,,,,,,,,,,,,,,,,,,,,,,,,,,,,,,,,,,,,,,,,,
78,2005/11/18 11:43,401,Zenith26,285.312,284.496,284.136,284.127,284.137,284.178,284.007,283.984,283.914,284.066,284.147,284.299,284.217,283.95,283.583,283.419,283.098,282.85,282.696,282.386,281.865,281.425,280.802,280.306,279.712,278.83,276.711,274.727,273.013,271.625,269.801,268.165,266.758,265.19,263.925,262.559,261.067,259.563,258.154,256.616,255.179,253.718,251.957,250.426,248.85,247.045,245.39,243.823,241.98,240.168,238.288,236.553,234.762,232.911,231.24,229.466,227.787,225.787,1,,,,,
79,2005/11/18 11:43,402,Zenith26,9.058,8.716,8.404,7.984,7.66,7.145,6.931,6.748,6.528,6.258,5.983,5.313,4.77,4.45,4.253,3.806,3.52,3.226,2.992,2.716,2.526,2.275,2.102,1.903,1.842,1.779,1.501,1.613,2.096,2.504,3.13,3.51,3.471,4.033,4.812,5.678,5.271,5.196,4.909,5.216,5.539,5.205,4.388,3.736,3.631,3.298,2.522,2.373,1.815,1.251,0.787,0.495,0.255,0.175,0.094,0.06,0.037,0.039,1,,,,,
80,2005/11/18 11:43,403,Zenith26,0.004,0.005,0.006,0.007,0.007,0.007,0.007,0.008,0.007,0.007,0.007,0.008,0.009,0.008,0.01,0.01,0.008,0.008,0.007,0.007,0.009,0.01,0.011,0.014,0.012,0.01,0.01,0.008,0.008,0.007,0.008,0.008,0.007,0.005,0.004,0.004,0.002,0.002,0.003,0.003,0.003,0.002,0.001,0.001,0.001,0.001,0.001,0.001,0.002,0.003,0.003,0.004,0.003,0.002,0.001,0.001,0.001,0.001,1,,,,,
81,2005/11/18 11:43,404,Zenith26,86.334,88.186,87.43,84.293,80.076,75.621,72.897,70.686,68.16,65.11,62.455,57.397,53.793,51.158,48.395,44.627,42,38.507,36.377,34.926,34.89,34.837,34.463,34.379,34.293,34.799,36.572,42.774,51.855,58.292,68.08,82.091,97.247,100,100,100,100,100,100,100,100,100,100,100,100,100,100,100,97.384,86.309,78.093,69.187,68.717,63.118,57.879,53.391,54.679,51.733,1,,,,,
82,2005/11/18 11:43,301,2.062,0.286,3.25,1,,,,,,,,,,,,,,,,,,,,,,,,,,,,,,,,,,,,,,,,,,,,,,,,,,,,,,,,,,,,,
83,2005/11/18 11:44,31,05/11/2018 03:44:37,3847.7153,12118.3218,7.5,Good Fix,2,9,66.8,1,,,,,,,,,,,,,,,,,,,,,,,,,,,,,,,,,,,,,,,,,,,,,,,,,,,,,,,,
84,2005/11/18 11:45,201,285.91,83.98,1008,269.89,0,1,,,,,,,,,,,,,,,,,,,,,,,,,,,,,,,,,,,,,,,,,,,,,,,,,,,,,,,,,,,
85,2005/11/18 11:45,401,Zenith26,285.821,284.746,284.282,284.256,284.213,284.267,284.067,284.033,283.972,284.122,284.196,284.338,284.208,283.897,283.427,283.182,282.756,282.43,282.195,281.774,281.144,280.637,279.939,279.349,278.658,277.696,275.36,273.23,271.375,269.889,268.003,266.306,264.884,263.358,262.128,260.804,259.341,257.849,256.469,254.898,253.462,251.98,250.184,248.624,247.025,245.179,243.58,242.062,240.29,238.559,236.808,235.181,233.513,231.782,230.297,228.667,227.17,225.321,1,,,,,
86,2005/11/18 11:45,402,Zenith26,9.224,8.764,8.392,7.974,7.667,7.146,6.932,6.746,6.524,6.269,6.02,5.397,4.861,4.544,4.356,3.919,3.634,3.333,3.101,2.829,2.676,2.46,2.296,2.092,2.037,1.982,1.678,1.747,2.217,2.571,3.177,3.519,3.452,3.855,4.395,5.093,4.732,4.635,4.23,4.453,4.588,4.204,3.546,2.996,2.872,2.587,1.977,1.825,1.46,0.988,0.649,0.413,0.228,0.156,0.091,0.058,0.037,0.04,1,,,,,
87,2005/11/18 11:45,403,Zenith26,0.003,0.004,0.005,0.005,0.005,0.005,0.005,0.006,0.006,0.005,0.006,0.006,0.007,0.007,0.008,0.008,0.007,0.007,0.006,0.006,0.008,0.009,0.01,0.012,0.011,0.009,0.009,0.007,0.008,0.006,0.008,0.008,0.007,0.005,0.004,0.004,0.003,0.002,0.003,0.003,0.003,0.003,0.001,0.002,0.001,0.001,0.001,0.001,0.002,0.003,0.003,0.004,0.003,0.002,0.001,0.001,0.001,0.001,1,,,,,
88,2005/11/18 11:45,404,Zenith26,84.773,87.372,87.265,84.428,80.601,76.456,73.983,71.933,69.742,66.738,64.475,59.928,56.69,54.283,51.827,48.257,45.787,42.357,40.135,39.019,39.528,39.988,40.124,40.672,41.217,42.026,43.973,51.37,62.785,70.239,80.998,94.562,100,100,100,100,100,100,100,100,100,100,100,100,100,100,95.304,87.818,81.078,71.26,64.234,56.011,55.606,50.32,45.882,42.45,44.039,41.589,1,,,,,
89,2005/11/18 11:45,301,2.043,0.251,2.75,1,,,,,,,,,,,,,,,,,,,,,,,,,,,,,,,,,,,,,,,,,,,,,,,,,,,,,,,,,,,,,
90,2005/11/18 11:46,31,05/11/2018 03:46:21,3847.7152,12118.3218,7.5,Good Fix,2,9,66.9,1,,,,,,,,,,,,,,,,,,,,,,,,,,,,,,,,,,,,,,,,,,,,,,,,,,,,,,,,
91,2005/11/18 11:46,201,285.89,84.02,1008,273.78,0,1,,,,,,,,,,,,,,,,,,,,,,,,,,,,,,,,,,,,,,,,,,,,,,,,,,,,,,,,,,,
92,2005/11/18 11:46,401,Zenith26,285.788,284.515,283.977,283.889,283.843,283.917,283.746,283.754,283.747,283.968,284.121,284.422,284.439,284.254,283.889,283.747,283.426,283.171,282.975,282.583,281.973,281.501,280.802,280.21,279.501,278.521,276.215,274.084,272.25,270.769,268.91,267.26,265.821,264.269,263.002,261.677,260.238,258.739,257.351,255.748,254.32,252.846,251.072,249.504,247.904,246.055,244.437,242.925,241.135,239.375,237.576,235.908,234.21,232.4,230.871,229.202,227.661,225.763,1,,,,,
93,2005/11/18 11:46,402,Zenith26,9.266,8.85,8.523,8.166,7.91,7.452,7.264,7.094,6.883,6.63,6.39,5.763,5.22,4.885,4.703,4.254,3.962,3.66,3.42,3.128,2.977,2.762,2.603,2.399,2.343,2.263,1.882,1.885,2.261,2.549,3.007,3.216,3.134,3.487,3.928,4.493,4.151,4,3.651,3.831,3.934,3.615,3.044,2.598,2.457,2.149,1.662,1.505,1.251,0.858,0.586,0.38,0.216,0.152,0.09,0.059,0.037,0.041,1,,,,,
94,2005/11/18 11:46,403,Zenith26,0.004,0.006,0.008,0.008,0.009,0.008,0.009,0.009,0.009,0.008,0.008,0.008,0.01,0.009,0.011,0.01,0.009,0.008,0.007,0.008,0.009,0.011,0.011,0.014,0.013,0.011,0.01,0.009,0.009,0.007,0.009,0.009,0.007,0.005,0.005,0.005,0.003,0.002,0.003,0.003,0.004,0.003,0.001,0.002,0.001,0.001,0.001,0.001,0.002,0.003,0.003,0.004,0.003,0.002,0.001,0.001,0.001,0.001,1,,,,,
95,2005/11/18 11:46,404,Zenith26,84.646,88.854,89.434,87.372,84.327,80.823,78.696,76.688,74.421,71.317,69.065,63.886,60.376,57.621,54.814,50.998,48.127,44.538,42.216,40.883,41.392,41.845,42.028,42.966,43.985,44.684,45.027,51.731,60.106,65.773,73.755,82.892,93.33,100,100,100,100,100,100,100,100,100,98.215,99.757,100,100,88.769,82.044,77.413,69.847,64.104,56.29,55.791,51.107,47.093,43.905,45.976,43.225,1,,,,,
96,2005/11/18 11:46,301,2.099,0.263,2.5,1,,,,,,,,,,,,,,,,,,,,,,,,,,,,,,,,,,,,,,,,,,,,,,,,,,,,,,,,,,,,,
97,2005/11/18 11:48,31,05/11/2018 03:48:05,3847.7152,12118.3219,7.5,Good Fix,2,9,67,1,,,,,,,,,,,,,,,,,,,,,,,,,,,,,,,,,,,,,,,,,,,,,,,,,,,,,,,,
98,2005/11/18 11:48,201,285.88,84.54,1008.1,270.81,0,1,,,,,,,,,,,,,,,,,,,,,,,,,,,,,,,,,,,,,,,,,,,,,,,,,,,,,,,,,,,
99,2005/11/18 11:48,401,Zenith26,285.807,284.873,284.413,284.345,284.276,284.293,284.059,283.998,283.929,284.068,284.12,284.217,284.081,283.794,283.327,283.109,282.72,282.405,282.148,281.71,281.099,280.634,279.97,279.419,278.738,277.827,275.592,273.541,271.782,270.358,268.515,266.859,265.423,263.887,262.629,261.344,259.955,258.474,257.111,255.525,254.139,252.673,250.933,249.375,247.776,245.877,244.248,242.749,240.981,239.215,237.458,235.794,234.137,232.381,230.851,229.18,227.663,225.826,1,,,,,
100,2005/11/18 11:48,402,Zenith26,9.335,8.896,8.492,8.11,7.854,7.392,7.19,7.013,6.807,6.569,6.341,5.768,5.243,4.922,4.753,4.33,4.058,3.761,3.535,3.263,3.125,2.944,2.795,2.59,2.53,2.461,2.08,2.041,2.376,2.587,2.984,3.138,3.057,3.26,3.523,3.954,3.648,3.502,3.161,3.26,3.239,2.948,2.538,2.166,2.034,1.771,1.375,1.239,1.058,0.715,0.509,0.335,0.208,0.145,0.09,0.06,0.039,0.042,1,,,,,
101,2005/11/18 11:48,403,Zenith26,0.003,0.004,0.005,0.005,0.005,0.005,0.005,0.006,0.006,0.005,0.005,0.006,0.006,0.006,0.008,0.008,0.007,0.007,0.006,0.006,0.008,0.009,0.01,0.012,0.011,0.01,0.01,0.008,0.008,0.007,0.009,0.009,0.007,0.005,0.005,0.005,0.003,0.002,0.004,0.003,0.004,0.003,0.001,0.002,0.001,0.001,0.002,0.002,0.002,0.003,0.003,0.004,0.003,0.002,0.001,0.001,0.001,0.001,1,,,,,
102,2005/11/18 11:48,404,Zenith26,84.751,87.665,87.601,85.427,82.618,79.691,77.603,76.08,74.28,71.565,69.556,65.367,62.419,60.203,57.759,54.174,51.87,48.283,46.047,45.054,45.67,46.371,46.504,47.35,48.195,49.006,49.704,56.626,65.82,71.341,79.5,88.079,96.716,100,100,100,100,100,100,100,100,100,91.797,93.083,95.182,93.487,82.966,76.81,72.502,65.667,59.677,52.558,52.06,47.313,43.234,40.574,41.863,39.28,1,,,,,
103,2005/11/18 11:48,301,2.097,0.229,2.75,1,,,,,,,,,,,,,,,,,,,,,,,,,,,,,,,,,,,,,,,,,,,,,,,,,,,,,,,,,,,,,
104,2005/11/18 11:49,31,05/11/2018 03:49:48,3847.7152,12118.3219,7.5,Good Fix,2,9,67,1,,,,,,,,,,,,,,,,,,,,,,,,,,,,,,,,,,,,,,,,,,,,,,,,,,,,,,,,
105,2005/11/18 11:50,201,286.32,82.96,1008,270.46,0,1,,,,,,,,,,,,,,,,,,,,,,,,,,,,,,,,,,,,,,,,,,,,,,,,,,,,,,,,,,,
106,2005/11/18 11:50,401,Zenith26,286.191,284.658,284.047,283.95,283.907,283.969,283.813,283.81,283.819,284.008,284.125,284.384,284.368,284.155,283.747,283.577,283.235,282.959,282.74,282.337,281.719,281.224,280.499,279.892,279.152,278.221,275.918,273.794,271.886,270.37,268.493,266.844,265.408,263.875,262.585,261.243,259.757,258.215,256.781,255.144,253.65,252.093,250.254,248.65,246.998,245.108,243.467,241.946,240.185,238.429,236.67,235.023,233.391,231.683,230.221,228.624,227.176,225.396,1,,,,,
107,2005/11/18 11:50,402,Zenith26,9.386,8.902,8.542,8.24,8.034,7.627,7.435,7.267,7.057,6.814,6.571,5.95,5.438,5.137,4.973,4.546,4.253,3.957,3.738,3.465,3.302,3.116,2.953,2.736,2.665,2.56,2.131,2.02,2.337,2.515,2.886,3.016,2.761,2.861,3.114,3.488,3.168,2.944,2.63,2.667,2.598,2.364,2.021,1.706,1.625,1.42,1.122,1.034,0.847,0.59,0.417,0.284,0.172,0.121,0.077,0.053,0.036,0.035,1,,,,,
108,2005/11/18 11:50,403,Zenith26,0.003,0.004,0.005,0.006,0.006,0.006,0.007,0.008,0.008,0.007,0.008,0.008,0.009,0.009,0.012,0.012,0.01,0.01,0.009,0.009,0.011,0.013,0.013,0.016,0.014,0.012,0.011,0.009,0.01,0.008,0.01,0.01,0.008,0.006,0.005,0.005,0.003,0.002,0.004,0.004,0.004,0.003,0.001,0.002,0.001,0.002,0.002,0.002,0.002,0.003,0.003,0.004,0.003,0.002,0.001,0.001,0.001,0.001,1,,,,,
109,2005/11/18 11:50,404,Zenith26,83.252,86.934,87.876,85.995,83.817,80.855,79.13,77.452,75.409,72.498,70.366,65.377,61.953,59.63,57.411,53.911,51.488,48.07,46.112,45.309,45.913,46.592,46.749,47.474,48.692,49.333,49.099,54.958,62.552,67.155,74.335,80.17,86.614,93.075,94.243,100,97.295,89.691,88.832,90.693,88.684,84.108,77.446,76.778,78.352,77.764,70.604,65.298,60.974,55.381,51.241,45.69,45.166,41.448,38.595,35.708,37.009,34.867,1,,,,,
110,2005/11/18 11:50,301,2.035,0.312,2.75,1,,,,,,,,,,,,,,,,,,,,,,,,,,,,,,,,,,,,,,,,,,,,,,,,,,,,,,,,,,,,,
111,2005/11/18 11:51,31,05/11/2018 03:51:32,3847.7152,12118.3219,7.5,Good Fix,2,9,67,1,,,,,,,,,,,,,,,,,,,,,,,,,,,,,,,,,,,,,,,,,,,,,,,,,,,,,,,,
112,2005/11/18 11:52,201,286.51,80.69,1008,271.59,0,1,,,,,,,,,,,,,,,,,,,,,,,,,,,,,,,,,,,,,,,,,,,,,,,,,,,,,,,,,,,
113,2005/11/18 11:52,401,Zenith26,286.355,284.699,284.075,283.981,283.961,284.051,283.935,283.968,284.027,284.269,284.421,284.798,284.868,284.703,284.308,284.156,283.82,283.558,283.323,282.896,282.267,281.763,281.015,280.376,279.601,278.612,276.225,274.024,272.004,270.392,268.42,266.709,265.223,263.674,262.378,261.045,259.554,257.993,256.587,254.953,253.46,251.886,250.029,248.404,246.761,244.888,243.279,241.777,240,238.233,236.471,234.837,233.219,231.484,230.048,228.449,227.002,225.216,1,,,,,
114,2005/11/18 11:52,402,Zenith26,9.27,8.754,8.398,8.12,7.93,7.537,7.344,7.178,6.967,6.722,6.489,5.872,5.353,5.041,4.894,4.487,4.223,3.947,3.74,3.478,3.349,3.192,3.042,2.829,2.772,2.658,2.222,2.067,2.333,2.521,2.903,3.033,2.824,2.942,3.218,3.677,3.381,3.144,2.831,2.853,2.742,2.526,2.186,1.848,1.73,1.472,1.159,1.062,0.891,0.612,0.439,0.303,0.189,0.133,0.083,0.059,0.038,0.036,1,,,,,
115,2005/11/18 11:52,403,Zenith26,0.003,0.004,0.005,0.006,0.007,0.007,0.008,0.009,0.009,0.008,0.009,0.009,0.011,0.011,0.013,0.013,0.012,0.012,0.011,0.011,0.013,0.014,0.015,0.018,0.016,0.014,0.013,0.011,0.011,0.009,0.012,0.011,0.009,0.007,0.006,0.006,0.004,0.003,0.005,0.005,0.005,0.004,0.001,0.002,0.001,0.002,0.002,0.002,0.002,0.003,0.003,0.004,0.003,0.002,0.001,0.001,0.001,0.001,1,,,,,
116,2005/11/18 11:52,404,Zenith26,81.075,85.47,86.843,85.331,83.365,80.684,78.616,76.899,74.801,71.806,69.644,64.303,60.725,58.047,55.999,52.643,50.34,47.103,45.304,44.661,45.644,46.401,46.809,48.049,49.887,50.504,49.719,56.689,64.925,70.56,78.887,84.714,91.74,98.178,99.745,100,100,96.763,94.589,94.86,92.646,89.849,81.308,80.581,82.18,80.101,73.163,67.995,63.599,57.968,54.368,48.353,47.441,43.588,41.211,38.145,39.246,37.184,1,,,,,
117,2005/11/18 11:52,301,2.06,0.362,2.75,1,,,,,,,,,,,,,,,,,,,,,,,,,,,,,,,,,,,,,,,,,,,,,,,,,,,,,,,,,,,,,
118,2005/11/18 11:53,31,05/11/2018 03:53:16,3847.715,12118.3222,7.5,Good Fix,2,8,66.2,1,,,,,,,,,,,,,,,,,,,,,,,,,,,,,,,,,,,,,,,,,,,,,,,,,,,,,,,,
119,2005/11/18 11:53,201,286.34,81.99,1007.9,271.38,0,1,,,,,,,,,,,,,,,,,,,,,,,,,,,,,,,,,,,,,,,,,,,,,,,,,,,,,,,,,,,
120,2005/11/18 11:53,401,Zenith26,286.221,284.989,284.416,284.274,284.186,284.161,283.943,283.869,283.826,283.958,283.996,284.161,284.064,283.811,283.367,283.181,282.82,282.534,282.279,281.857,281.267,280.804,280.142,279.611,278.925,278.049,275.908,273.952,272.217,270.827,269.025,267.446,266.084,264.586,263.293,261.99,260.56,259.033,257.653,256.049,254.609,253.1,251.322,249.744,248.155,246.294,244.683,243.18,241.405,239.608,237.865,236.213,234.595,232.868,231.355,229.692,228.188,226.335,1,,,,,
121,2005/11/18 11:53,402,Zenith26,9.332,8.802,8.382,8.071,7.869,7.477,7.287,7.127,6.924,6.689,6.463,5.884,5.375,5.069,4.918,4.501,4.239,3.951,3.743,3.489,3.36,3.201,3.051,2.832,2.761,2.644,2.199,2.031,2.256,2.393,2.707,2.81,2.622,2.732,2.983,3.417,3.161,2.961,2.704,2.768,2.675,2.463,2.151,1.828,1.722,1.468,1.153,1.047,0.891,0.609,0.437,0.301,0.19,0.133,0.084,0.058,0.039,0.036,1,,,,,
122,2005/11/18 11:53,403,Zenith26,0.003,0.004,0.005,0.006,0.007,0.007,0.007,0.008,0.008,0.008,0.008,0.009,0.01,0.01,0.013,0.013,0.011,0.011,0.01,0.011,0.012,0.014,0.015,0.018,0.016,0.013,0.013,0.011,0.011,0.009,0.011,0.011,0.009,0.007,0.006,0.006,0.004,0.003,0.005,0.005,0.005,0.004,0.001,0.002,0.001,0.002,0.002,0.002,0.002,0.003,0.003,0.004,0.003,0.002,0.001,0.001,0.001,0.001,1,,,,,
123,2005/11/18 11:53,404,Zenith26,82.098,84.945,85.423,83.949,82.397,80.199,78.598,77.544,75.969,73.31,71.641,67.346,64.288,62.007,59.961,56.306,53.761,50.317,48.435,47.63,48.363,48.991,49.155,50.009,51.378,51.379,49.597,54.616,61.006,64.558,70.892,75.036,81.056,87.699,91.049,99.555,97.431,91.283,90.022,92.33,92.592,89.719,81.673,81.497,83.508,82.572,76.189,70.878,67.214,62.296,57.695,51.691,50.445,46.353,43.671,40.6,41.972,39.268,1,,,,,
124,2005/11/18 11:53,301,2.041,0.348,2.75,1,,,,,,,,,,,,,,,,,,,,,,,,,,,,,,,,,,,,,,,,,,,,,,,,,,,,,,,,,,,,,
125,2005/11/18 11:55,31,05/11/2018 03:55:00,3847.7151,12118.3221,7.5,Good Fix,2,9,66.2,1,,,,,,,,,,,,,,,,,,,,,,,,,,,,,,,,,,,,,,,,,,,,,,,,,,,,,,,,
126,2005/11/18 11:55,201,286.69,80.66,1007.9,270.96,0,1,,,,,,,,,,,,,,,,,,,,,,,,,,,,,,,,,,,,,,,,,,,,,,,,,,,,,,,,,,,
127,2005/11/18 11:55,401,Zenith26,286.526,284.826,284.199,284.092,284.098,284.198,284.084,284.114,284.178,284.416,284.571,284.955,285.038,284.891,284.516,284.366,284.04,283.772,283.513,283.07,282.44,281.941,281.183,280.546,279.765,278.785,276.417,274.245,272.246,270.667,268.694,266.98,265.486,263.927,262.627,261.282,259.793,258.219,256.838,255.229,253.73,252.189,250.37,248.784,247.17,245.325,243.708,242.208,240.45,238.672,236.897,235.237,233.605,231.866,230.421,228.822,227.366,225.539,1,,,,,
128,2005/11/18 11:55,402,Zenith26,9.35,8.757,8.359,8.057,7.852,7.444,7.244,7.07,6.852,6.592,6.348,5.704,5.175,4.853,4.705,4.284,4.018,3.736,3.53,3.284,3.163,2.998,2.841,2.621,2.546,2.425,2.002,1.834,2.078,2.246,2.627,2.789,2.593,2.735,3.053,3.605,3.345,3.147,2.935,3.033,2.922,2.716,2.384,2.016,1.915,1.636,1.276,1.167,0.974,0.663,0.466,0.322,0.198,0.135,0.083,0.057,0.038,0.034,1,,,,,
129,2005/11/18 11:55,403,Zenith26,0.003,0.004,0.005,0.006,0.007,0.007,0.008,0.009,0.009,0.008,0.009,0.009,0.011,0.011,0.014,0.014,0.013,0.013,0.012,0.012,0.013,0.015,0.016,0.019,0.016,0.014,0.013,0.011,0.011,0.009,0.011,0.011,0.009,0.007,0.006,0.006,0.004,0.003,0.005,0.005,0.005,0.004,0.001,0.002,0.001,0.002,0.002,0.002,0.002,0.003,0.003,0.004,0.004,0.002,0.001,0.001,0.001,0.001,1,,,,,
130,2005/11/18 11:55,404,Zenith26,80.772,84.775,85.931,84.246,82.311,79.536,77.699,75.921,73.773,70.813,68.506,62.912,58.99,56.373,54.033,50.622,48.193,45.035,43.373,42.543,43.171,43.728,43.831,44.638,46.082,46.167,44.61,49.558,55.802,60.307,67.686,73.236,80.775,88.671,92.595,100,100,96.993,97.482,99.099,98.413,96.204,88.216,87.035,88.768,87.074,80.154,74.324,69.059,63.042,59.117,53.068,51.659,47.772,45.337,42.082,43.354,40.798,1,,,,,
131,2005/11/18 11:55,301,1.979,0.394,2.75,1,,,,,,,,,,,,,,,,,,,,,,,,,,,,,,,,,,,,,,,,,,,,,,,,,,,,,,,,,,,,,
132,2005/11/18 11:56,31,05/11/2018 03:56:45,3847.7151,12118.3216,7.5,Good Fix,2,9,65.5,1,,,,,,,,,,,,,,,,,,,,,,,,,,,,,,,,,,,,,,,,,,,,,,,,,,,,,,,,
